"YEAR","ew","PERC_AREA","AREA_TOTAL","PERC_AREA_VAR","AREA_TOTAL_VAR","nPlots_AREA","N"
2011,"eastside",59.8911642592409,31391792.0820464,0.125742852326919,51710417194.4627,10153,24303
2011,"westside",40.1088357407591,21022937.9875946,0.125742852326919,37101959070.3199,5314,24303
2017,"eastside",59.8102274696439,31001972.4228291,0.147002262757994,53968161290.2096,10104,24359
2017,"westside",40.1897725303561,20831925.7822293,0.147002262757994,41394633438.3623,5321,24359
2018,"eastside",59.8690775512255,31024348.8806406,0.146476655104411,53714851790.2879,10185,24489
2018,"westside",40.1309224487745,20795973.3117222,0.146476655104411,41264352005.5721,5370,24489
2019,"eastside",59.9137465031274,31038076.055457,0.145057659320943,53589437527.2653,10267,24617
2019,"westside",40.0862534968725,20766522.8337759,0.145057659320943,40794593680.4275,5414,24617
