SCLASS,AREA_PCT,AREA,AREA_TOTAL
A,10.9217219828036,3130210.292185,28660409.934565
B,43.4689261013325,12458372.414795,28660409.934565
C,24.494210894969,7020141.252735,28660409.934565
D,3.78518946064219,1084850.81622,28660409.934565
E,17.3299515602528,4966835.15863,28660409.934565
