"YEAR","sclass","AREA_TOTAL"
"2009","A",5684881.672735
"2009","B",22767171.946205
"2009","C",7610361.125505
"2009","D",1299892.325545
"2009","E",12649105.038645
