"YEAR","sclass","AREA_TOTAL"
"2012","A",5465028.86998
"2012","B",23033940.975765
"2012","C",7377261.809365
"2012","D",1338526.340155
"2012","E",12796654.11337
