"YEAR","ew","sclass","AREA_TOTAL"
"2017","eastside","A",3528332.480595
"2017","eastside","B",12401859.621345
"2017","eastside","C",5765999.13701
"2017","eastside","D",766709.653635
"2017","eastside","E",5439354.034415
"2017","westside","A",2057530.04234
"2017","westside","B",10455500.391605
"2017","westside","C",1461790.103275
"2017","westside","D",741645.292345
"2017","westside","E",7392691.35207
