"YEAR","ew","sclass","AREA_TOTAL"
"2009","eastside","A",1655659.6086
"2009","eastside","B",8415736.596235
"2009","eastside","C",2754809.756135
"2009","eastside","D",412502.471505
"2009","eastside","E",5031336.38048
"2009","westside","A",1454243.796135
"2009","westside","B",5720320.53838
"2009","westside","C",944384.577455
"2009","westside","D",304117.823465
"2009","westside","E",3489963.78322
