"YEAR","ew","sclass","AREA_TOTAL"
"2011","eastside","A",3309187.78352
"2011","eastside","B",12563788.75677
"2011","eastside","C",5819537.397335
"2011","eastside","D",741032.59412
"2011","eastside","E",5468708.395255
"2011","westside","A",2200671.47056
"2011","westside","B",10437016.92076
"2011","westside","C",1630905.71073
"2011","westside","D",576529.458965
"2011","westside","E",7264033.62062
