"YEAR","ew","sclass","AREA_TOTAL"
"2005","eastside","A",3368876.155175
"2005","eastside","B",12294620.52995
"2005","eastside","C",6080564.187995
"2005","eastside","D",751551.210435
"2005","eastside","E",5406642.843445
"2005","westside","A",2408291.88113
"2005","westside","B",9979941.598565
"2005","westside","C",1866670.20855
"2005","westside","D",548690.052865
"2005","westside","E",7305563.440525
