"YEAR","ew","sclass","AREA_TOTAL"
"2013","eastside","A",1634436.45375
"2013","eastside","B",8474829.616475
"2013","eastside","C",2635525.973935
"2013","eastside","D",421080.02426
"2013","eastside","E",5104172.744535
"2013","westside","A",1324593.293405
"2013","westside","B",5835160.201295
"2013","westside","C",882698.20912
"2013","westside","D",342509.64992
"2013","westside","E",3528069.164915
