"YEAR","ew","sclass","AREA_TOTAL"
"2016","eastside","A",1656713.983295
"2016","eastside","B",8419900.05303
"2016","eastside","C",2631390.53891
"2016","eastside","D",446943.67318
"2016","eastside","E",5115096.56454
"2016","westside","A",1240531.31933
"2016","westside","B",5876088.22033
"2016","westside","C",844713.810305
"2016","westside","D",385111.63612
"2016","westside","E",3566585.53257
