"YEAR","sclass","AREA_TOTAL"
"2005","A",5777168.036305
"2005","B",22274562.128515
"2005","C",7947234.396545
"2005","D",1300241.2633
"2005","E",12712206.28397
