"YEAR","ew","sclass","AREA_TOTAL"
"2008","eastside","A",3404762.257165
"2008","eastside","B",12401182.650965
"2008","eastside","C",5960793.805535
"2008","eastside","D",748505.51091
"2008","eastside","E",5387010.702425
"2008","westside","A",2373441.25026
"2008","westside","B",10215861.328095
"2008","westside","C",1740723.694545
"2008","westside","D",548108.712335
"2008","westside","E",7231022.1964
