"YEAR","ew","sclass","AREA_TOTAL"
"2007","eastside","A",1698791.78448
"2007","eastside","B",8332584.884895
"2007","eastside","C",2820299.96855
"2007","eastside","D",410397.05804
"2007","eastside","E",5007971.11699
"2007","westside","A",1497494.95334
"2007","westside","B",5633401.45574
"2007","westside","C",982006.47242
"2007","westside","D",301029.86889
"2007","westside","E",3499097.768265
