"YEAR","sclass","AREA_TOTAL"
"2003","A",5839786.017295
"2003","B",22078161.990485
"2003","C",8036039.61118
"2003","D",1298683.831115
"2003","E",12758740.65856
