"YEAR","sclass","AREA_TOTAL"
"2009","A",3109903.404735
"2009","B",14136057.134615
"2009","C",3699194.33359
"2009","D",716620.29497
"2009","E",8521300.1637
