"YEAR","ew","sclass","AREA_TOTAL"
"2012","eastside","A",3306976.510035
"2012","eastside","B",12583286.348815
"2012","eastside","C",5776664.978815
"2012","eastside","D",738310.256925
"2012","eastside","E",5497016.83241
"2012","westside","A",2158052.359945
"2012","westside","B",10450654.62695
"2012","westside","C",1600596.83055
"2012","westside","D",600216.08323
"2012","westside","E",7299637.28096
