"YEAR","ew","sclass","AREA_TOTAL"
"2015","eastside","A",1651507.04916
"2015","eastside","B",8439107.641995
"2015","eastside","C",2619123.453105
"2015","eastside","D",437515.90434
"2015","eastside","E",5122790.764355
"2015","westside","A",1288412.07325
"2015","westside","B",5841950.58783
"2015","westside","C",855368.309965
"2015","westside","D",371684.537995
"2015","westside","E",3555615.009615
