"YEAR","ew","sclass","AREA_TOTAL"
"2013","eastside","A",3335180.199145
"2013","eastside","B",12571952.654825
"2013","eastside","C",5754635.1973
"2013","eastside","D",740509.07629
"2013","eastside","E",5499977.79944
"2013","westside","A",2139692.318325
"2013","westside","B",10456667.29817
"2013","westside","C",1568685.149605
"2013","westside","D",624187.373095
"2013","westside","E",7319925.04244
