"YEAR","sclass","AREA_TOTAL"
"2008","A",5778203.507425
"2008","B",22617043.97906
"2008","C",7701517.50008
"2008","D",1296614.223245
"2008","E",12618032.898825
