"YEAR","sclass","AREA_TOTAL"
"2006","A",5770541.554885
"2006","B",22402894.05129
"2006","C",7868689.820025
"2006","D",1299369.4749
"2006","E",12669917.207535
