"YEAR","ew","sclass","AREA_TOTAL"
"2010","eastside","A",1640787.832555
"2010","eastside","B",8450161.118285
"2010","eastside","C",2718424.37737
"2010","eastside","D",416430.1896
"2010","eastside","E",5044241.295145
"2010","westside","A",1414619.0118
"2010","westside","B",5772755.719505
"2010","westside","C",927766.11108
"2010","westside","D",308731.185345
"2010","westside","E",3489158.490925
