"YEAR","sclass","AREA_TOTAL"
"2013","A",5474872.51747
"2013","B",23028619.952995
"2013","C",7323320.346905
"2013","D",1364696.449385
"2013","E",12819902.84188
