"YEAR","sclass","AREA_TOTAL"
"2012","A",2967063.32174
"2012","B",14301769.431385
"2012","C",3555983.51813
"2012","D",747383.75053
"2012","E",8610875.309825
