"YEAR","ew","sclass","AREA_TOTAL"
"2011","eastside","A",1634040.14586
"2011","eastside","B",8467681.396385
"2011","eastside","C",2685780.572085
"2011","eastside","D",415681.830425
"2011","eastside","E",5066860.8682
"2011","westside","A",1368495.62317
"2011","westside","B",5814746.78664
"2011","westside","C",914743.327065
"2011","westside","D",316669.797265
"2011","westside","E",3498374.984515
