"YEAR","ew","sclass","AREA_TOTAL"
"2014","eastside","A",3357999.9277
"2014","eastside","B",12539127.37522
"2014","eastside","C",5747899.519935
"2014","eastside","D",748554.43781
"2014","eastside","E",5508673.666335
"2014","westside","A",2116561.68156
"2014","westside","B",10449902.04227
"2014","westside","C",1544220.365235
"2014","westside","D",652944.15857
"2014","westside","E",7345528.934
