"YEAR","ew","sclass","AREA_TOTAL"
"2003","eastside","A",3398682.64505
"2003","eastside","B",12223587.789345
"2003","eastside","C",6103975.04246
"2003","eastside","D",756678.52716
"2003","eastside","E",5419330.922985
"2003","westside","A",2441103.372245
"2003","westside","B",9854574.20114
"2003","westside","C",1932064.56872
"2003","westside","D",542005.303955
"2003","westside","E",7339409.735575
