"YEAR","ew","sclass","AREA_TOTAL"
"2006","eastside","A",1701984.93189
"2006","eastside","B",8291404.892325
"2006","eastside","C",2855020.498345
"2006","eastside","D",409446.319415
"2006","eastside","E",5012188.17098
"2006","westside","A",1502675.42247
"2006","westside","B",5582182.775265
"2006","westside","C",1001870.126635
"2006","westside","D",301568.731975
"2006","westside","E",3524733.46231
