"YEAR","ew","sclass","AREA_TOTAL"
"2003","eastside","A",1767532.077425
"2003","eastside","B",8172984.892305
"2003","eastside","C",2920112.846105
"2003","eastside","D",415862.19277
"2003","eastside","E",4993552.80435
"2003","westside","A",1528049.3576
"2003","westside","B",5452737.320725
"2003","westside","C",1055793.13031
"2003","westside","D",298771.002875
"2003","westside","E",3577679.707145
