"YEAR","ew","sclass","AREA_TOTAL"
"2008","eastside","A",1672660.37198
"2008","eastside","B",8373021.85577
"2008","eastside","C",2789292.32328
"2008","eastside","D",409836.62264
"2008","eastside","E",5025233.639285
"2008","westside","A",1494114.10455
"2008","westside","B",5665130.55039
"2008","westside","C",965666.889375
"2008","westside","D",302747.870265
"2008","westside","E",3485371.104075
