"YEAR","sclass","AREA_TOTAL"
"2015","A",2939919.12241
"2015","B",14281058.229825
"2015","C",3474491.76307
"2015","D",809200.442335
"2015","E",8678405.77397
