"YEAR","sclass","AREA_TOTAL"
"2004","A",5839190.443485
"2004","B",22145724.257115
"2004","C",8000039.64295
"2004","D",1300390.71274
"2004","E",12726067.052345
