"YEAR","sclass","AREA_TOTAL"
"2013","A",2959029.747155
"2013","B",14309989.81777
"2013","C",3518224.183055
"2013","D",763589.67418
"2013","E",8632241.90945
