"YEAR","sclass","AREA_TOTAL"
"2017","A",5585862.522935
"2017","B",22857360.01295
"2017","C",7227789.240285
"2017","D",1508354.94598
"2017","E",12832045.386485
