"YEAR","sclass","AREA_TOTAL"
"2007","A",3196286.73782
"2007","B",13965986.340635
"2007","C",3802306.44097
"2007","D",711426.92693
"2007","E",8507068.885255
