"YEAR","sclass","AREA_TOTAL"
"2005","A",3222830.248255
"2005","B",13777752.102215
"2005","C",3908508.05969
"2005","D",713857.037095
"2005","E",8560127.884355
