"YEAR","ew","sclass","AREA_TOTAL"
"2017","eastside","A",1729193.848165
"2017","eastside","B",8367594.0834
"2017","eastside","C",2633186.378535
"2017","eastside","D",455073.322405
"2017","eastside","E",5084997.18045
"2017","westside","A",1259517.847665
"2017","westside","B",5880381.7782
"2017","westside","C",818755.421115
"2017","westside","D",394710.64911
"2017","westside","E",3559664.822565
