"YEAR","sclass","AREA_TOTAL"
"2007","A",5834534.826555
"2007","B",22496582.170545
"2007","C",7776413.241835
"2007","D",1296397.38812
"2007","E",12607484.48158
