"YEAR","ew","sclass","AREA_TOTAL"
"2015","eastside","A",3399253.533015
"2015","eastside","B",12501407.84885
"2015","eastside","C",5742569.156575
"2015","eastside","D",753855.44503
"2015","eastside","E",5505168.94353
"2015","westside","A",2088580.609845
"2015","westside","B",10446623.49518
"2015","westside","C",1517997.99318
"2015","westside","D",685815.696335
"2015","westside","E",7370139.387095
