"YEAR","ew","sclass","AREA_TOTAL"
"2016","eastside","A",3397730.34966
"2016","eastside","B",12491457.45176
"2016","eastside","C",5763702.68624
"2016","eastside","D",761639.047635
"2016","eastside","E",5487725.391705
"2016","westside","A",2025120.86378
"2016","westside","B",10473541.518795
"2016","westside","C",1502384.52981
"2016","westside","D",715729.158205
"2016","westside","E",7392381.111045
