"YEAR","sclass","AREA_TOTAL"
"2002","A",5730552.04275
"2002","B",22135221.20845
"2002","C",8067074.38864
"2002","D",1260530.4121
"2002","E",12818034.056695
