"YEAR","ew","sclass","AREA_TOTAL"
"2014","eastside","A",1642421.32383
"2014","eastside","B",8453459.236135
"2014","eastside","C",2627438.57976
"2014","eastside","D",429246.81345
"2014","eastside","E",5117478.85978
"2014","westside","A",1310592.193785
"2014","westside","B",5832952.48613
"2014","westside","C",870422.44991
"2014","westside","D",357701.00758
"2014","westside","E",3541362.38125
