"YEAR","sclass","AREA_TOTAL"
"2008","A",3166774.47653
"2008","B",14038152.40616
"2008","C",3754959.212655
"2008","D",712584.492905
"2008","E",8510604.74336
