"YEAR","ew","sclass","AREA_TOTAL"
"2004","eastside","A",3403539.75185
"2004","eastside","B",12245034.228775
"2004","eastside","C",6096772.1132
"2004","eastside","D",754050.930235
"2004","eastside","E",5402857.90294
"2004","westside","A",2435650.691635
"2004","westside","B",9900690.02834
"2004","westside","C",1903267.52975
"2004","westside","D",546339.782505
"2004","westside","E",7323209.149405
