"YEAR","ew","sclass","AREA_TOTAL"
"2009","eastside","A",3371981.234165
"2009","eastside","B",12465307.35808
"2009","eastside","C",5911849.78112
"2009","eastside","D",747867.23726
"2009","eastside","E",5405249.316375
"2009","westside","A",2312900.43857
"2009","westside","B",10301864.588125
"2009","westside","C",1698511.344385
"2009","westside","D",552025.088285
"2009","westside","E",7243855.72227
