"YEAR","sclass","AREA_TOTAL"
"2010","A",5592586.63576
"2010","B",22905226.0888
"2010","C",7526033.834195
"2010","D",1307157.525405
"2010","E",12680408.024475
