"YEAR","ew","sclass","AREA_TOTAL"
"2010","eastside","A",3333310.52438
"2010","eastside","B",12522300.302335
"2010","eastside","C",5865989.930565
"2010","eastside","D",745069.50816
"2010","eastside","E",5435584.66156
"2010","westside","A",2259276.11138
"2010","westside","B",10382925.786465
"2010","westside","C",1660043.90363
"2010","westside","D",562088.017245
"2010","westside","E",7244823.362915
