"YEAR","sclass","AREA_TOTAL"
"2010","A",3055406.844355
"2010","B",14222916.83779
"2010","C",3646190.48845
"2010","D",725161.374945
"2010","E",8533399.78607
