"YEAR","sclass","AREA_TOTAL"
"2016","A",2897245.302625
"2016","B",14295988.27336
"2016","C",3476104.349215
"2016","D",832055.3093
"2016","E",8681682.09711
