"YEAR","sclass","AREA_TOTAL"
"2014","A",5474561.60926
"2014","B",22989029.41749
"2014","C",7292119.88517
"2014","D",1401498.59638
"2014","E",12854202.600335
