"YEAR","ew","sclass","AREA_TOTAL"
"2012","eastside","A",1629013.351675
"2012","eastside","B",8473256.394245
"2012","eastside","C",2656279.65294
"2012","eastside","D",417953.15056
"2012","eastside","E",5093542.263535
"2012","westside","A",1338049.970065
"2012","westside","B",5828513.03714
"2012","westside","C",899703.86519
"2012","westside","D",329430.59997
"2012","westside","E",3517333.04629
