"YEAR","ew","sclass","AREA_TOTAL"
"2002","eastside","A",3277543.19897
"2002","eastside","B",12304974.129175
"2002","eastside","C",6110334.872275
"2002","eastside","D",725810.768345
"2002","eastside","E",5483591.958235
"2002","westside","A",2453008.84378
"2002","westside","B",9830247.079275
"2002","westside","C",1956739.516365
"2002","westside","D",534719.643755
"2002","westside","E",7334442.09846
