"YEAR","sclass","AREA_TOTAL"
"2016","A",5422851.21344
"2016","B",22964998.970555
"2016","C",7266087.21605
"2016","D",1477368.20584
"2016","E",12880106.50275
