"YEAR","sclass","AREA_TOTAL"
"2015","A",5487834.14286
"2015","B",22948031.34403
"2015","C",7260567.149755
"2015","D",1439671.141365
"2015","E",12875308.330625
