"YEAR","sclass","AREA_TOTAL"
"2004","A",3268663.633805
"2004","B",13685005.380995
"2004","C",3946967.939015
"2004","D",715404.23911
"2004","E",8567034.138685
