"YEAR","sclass","AREA_TOTAL"
"2017","A",2988711.69583
"2017","B",14247975.8616
"2017","C",3451941.79965
"2017","D",849783.971515
"2017","E",8644662.003015
