"YEAR","sclass","AREA_TOTAL"
"2014","A",2953013.517615
"2014","B",14286411.722265
"2014","C",3497861.02967
"2014","D",786947.82103
"2014","E",8658841.24103
