"YEAR","sclass","AREA_TOTAL"
"2006","A",3204660.35436
"2006","B",13873587.66759
"2006","C",3856890.62498
"2006","D",711015.05139
"2006","E",8536921.63329
