"YEAR","ew","sclass","AREA_TOTAL"
"2002","eastside","A",1697926.445535
"2002","eastside","B",8226147.74987
"2002","eastside","C",2926740.88429
"2002","eastside","D",391711.207745
"2002","eastside","E",5027518.525515
"2002","westside","A",1532158.550015
"2002","westside","B",5443516.824025
"2002","westside","C",1064843.27244
"2002","westside","D",293815.37509
"2002","westside","E",3578696.497085
