"YEAR","sclass","AREA_TOTAL"
"2011","A",3002535.76903
"2011","B",14282428.183025
"2011","C",3600523.89915
"2011","D",732351.62769
"2011","E",8565235.852715
