"YEAR","sclass","AREA_TOTAL"
"2003","A",3295581.435025
"2003","B",13625722.21303
"2003","C",3975905.976415
"2003","D",714633.195645
"2003","E",8571232.511495
