"YEAR","ew","sclass","AREA_TOTAL"
"2005","eastside","A",1717928.207045
"2005","eastside","B",8248058.55006
"2005","eastside","C",2881670.75838
"2005","eastside","D",411365.81066
"2005","eastside","E",5011021.48681
"2005","westside","A",1504902.04121
"2005","westside","B",5529693.552155
"2005","westside","C",1026837.30131
"2005","westside","D",302491.226435
"2005","westside","E",3549106.397545
