"YEAR","ew","sclass","AREA_TOTAL"
"2004","eastside","A",1748004.906845
"2004","eastside","B",8202978.19398
"2004","eastside","C",2903330.69701
"2004","eastside","D",414430.41376
"2004","eastside","E",5001300.60136
"2004","westside","A",1520658.72696
"2004","westside","B",5482027.187015
"2004","westside","C",1043637.242005
"2004","westside","D",300973.82535
"2004","westside","E",3565733.537325
