"YEAR","ew","sclass","AREA_TOTAL"
"2007","eastside","A",3442010.750925
"2007","eastside","B",12345596.57748
"2007","eastside","C",5999244.78906
"2007","eastside","D",750322.47806
"2007","eastside","E",5365080.331475
"2007","westside","A",2392524.07563
"2007","westside","B",10150985.593065
"2007","westside","C",1777168.452775
"2007","westside","D",546074.91006
"2007","westside","E",7242404.150105
