"YEAR","sclass","AREA_TOTAL"
"2002","A",3230084.99555
"2002","B",13669664.573895
"2002","C",3991584.15673
"2002","D",685526.582835
"2002","E",8606215.0226
