"YEAR","sclass","AREA_TOTAL"
"2011","A",5509859.25408
"2011","B",23000805.67753
"2011","C",7450443.108065
"2011","D",1317562.053085
"2011","E",12732742.015875
