"YEAR","STATE","sclass","AREA_TOTAL"
"2005","Oregon","A",1607369.425485
"2005","Oregon","B",6843590.313245
"2005","Oregon","C",2269450.460235
"2005","Oregon","D",471428.250705
"2005","Oregon","E",4882568.581155
"2005","Washington","A",1615460.82277
"2005","Washington","B",6934161.78897
"2005","Washington","C",1639057.599455
"2005","Washington","D",242428.78639
"2005","Washington","E",3677559.3032
