"YEAR","STATE","sclass","AREA_TOTAL"
"2006","Oregon","A",1600992.69365
"2006","Oregon","B",6892447.15882
"2006","Oregon","C",2241009.92045
"2006","Oregon","D",470280.692505
"2006","Oregon","E",4869676.5654
"2006","Washington","A",1603667.66071
"2006","Washington","B",6981140.50877
"2006","Washington","C",1615880.70453
"2006","Washington","D",240734.358885
"2006","Washington","E",3667245.06789
