"YEAR","STATE","sclass","AREA_TOTAL"
"2010","Oregon","A",1529546.743135
"2010","Oregon","B",7053315.914885
"2010","Oregon","C",2121149.912805
"2010","Oregon","D",480986.12062
"2010","Oregon","E",4889408.33938
"2010","Washington","A",1525860.10122
"2010","Washington","B",7169600.922905
"2010","Washington","C",1525040.575645
"2010","Washington","D",244175.254325
"2010","Washington","E",3643991.44669
