"YEAR","STATE","sclass","AREA_TOTAL"
"2011","Oregon","A",1496938.52105
"2011","Oregon","B",7084431.86652
"2011","Oregon","C",2092037.29533
"2011","Oregon","D",485633.508935
"2011","Oregon","E",4915365.83899
"2011","Washington","A",1505597.24798
"2011","Washington","B",7197996.316505
"2011","Washington","C",1508486.60382
"2011","Washington","D",246718.118755
"2011","Washington","E",3649870.013725
