"YEAR","STATE","sclass","AREA_TOTAL"
"2014","Oregon","A",1476801.54338
"2014","Oregon","B",7058209.939255
"2014","Oregon","C",2030871.55369
"2014","Oregon","D",526888.89341
"2014","Oregon","E",4981635.10109
"2014","Washington","A",1476211.974235
"2014","Washington","B",7228201.78301
"2014","Washington","C",1466989.47598
"2014","Washington","D",260058.92762
"2014","Washington","E",3677206.13994
