"YEAR","STATE","sclass","AREA_TOTAL"
"2015","Oregon","A",1471007.041655
"2015","Oregon","B",7047874.13163
"2015","Oregon","C",2017802.956305
"2015","Oregon","D",542984.731535
"2015","Oregon","E",4994738.1697
"2015","Washington","A",1468912.080755
"2015","Washington","B",7233184.098195
"2015","Washington","C",1456688.806765
"2015","Washington","D",266215.7108
"2015","Washington","E",3683667.60427
