"YEAR","STATE","sclass","AREA_TOTAL"
"2012","Oregon","A",1483055.513175
"2012","Oregon","B",7086845.29706
"2012","Oregon","C",2063864.74152
"2012","Oregon","D",496317.58713
"2012","Oregon","E",4944323.89194
"2012","Washington","A",1484007.808565
"2012","Washington","B",7214924.134325
"2012","Washington","C",1492118.77661
"2012","Washington","D",251066.1634
"2012","Washington","E",3666551.417885
