"YEAR","STATE","sclass","AREA_TOTAL"
"2008","Oregon","A",1576619.09123
"2008","Oregon","B",6976404.162455
"2008","Oregon","C",2181795.02775
"2008","Oregon","D",469505.423535
"2008","Oregon","E",4870083.325855
"2008","Washington","A",1590155.3853
"2008","Washington","B",7061748.243705
"2008","Washington","C",1573164.184905
"2008","Washington","D",243079.06937
"2008","Washington","E",3640521.417505
