"YEAR","STATE","sclass","AREA_TOTAL"
"2016","Oregon","A",1451410.70623
"2016","Oregon","B",7047589.243635
"2016","Oregon","C",2015059.26919
"2016","Oregon","D",558591.523055
"2016","Oregon","E",5001756.288715
"2016","Washington","A",1445834.596395
"2016","Washington","B",7248399.029725
"2016","Washington","C",1461045.080025
"2016","Washington","D",273463.786245
"2016","Washington","E",3679925.808395
