"YEAR","STATE","sclass","AREA_TOTAL"
"2007","Oregon","A",1588945.334105
"2007","Oregon","B",6943634.03681
"2007","Oregon","C",2210083.22696
"2007","Oregon","D",469139.13897
"2007","Oregon","E",4862605.29398
"2007","Washington","A",1607341.403715
"2007","Washington","B",7022352.303825
"2007","Washington","C",1592223.21401
"2007","Washington","D",242287.78796
"2007","Washington","E",3644463.591275
