"YEAR","STATE","sclass","AREA_TOTAL"
"2004","Oregon","A",1628643.064
"2004","Oregon","B",6795311.027485
"2004","Oregon","C",2292602.669315
"2004","Oregon","D",473331.72951
"2004","Oregon","E",4884518.540515
"2004","Washington","A",1640020.569805
"2004","Washington","B",6889694.35351
"2004","Washington","C",1654365.2697
"2004","Washington","D",242072.5096
"2004","Washington","E",3682515.59817
