"YEAR","STATE","sclass","AREA_TOTAL"
"2003","Oregon","A",1643400.75141
"2003","Oregon","B",6764713.478595
"2003","Oregon","C",2313374.362315
"2003","Oregon","D",473867.70146
"2003","Oregon","E",4879050.737045
"2003","Washington","A",1652180.683615
"2003","Washington","B",6861008.734435
"2003","Washington","C",1662531.6141
"2003","Washington","D",240765.494185
"2003","Washington","E",3692181.77445
