"YEAR","STATE","sclass","AREA_TOTAL"
"2002","Oregon","A",1572668.91124
"2002","Oregon","B",6822225.93757
"2002","Oregon","C",2318007.96214
"2002","Oregon","D",447295.50207
"2002","Oregon","E",4914208.717805
"2002","Washington","A",1657416.08431
"2002","Washington","B",6847438.636325
"2002","Washington","C",1673576.19459
"2002","Washington","D",238231.080765
"2002","Washington","E",3692006.304795
