"YEAR","STATE","sclass","AREA_TOTAL"
"2009","Oregon","A",1553177.991045
"2009","Oregon","B",7018499.532845
"2009","Oregon","C",2151227.27979
"2009","Oregon","D",474225.090225
"2009","Oregon","E",4877277.13692
"2009","Washington","A",1556725.41369
"2009","Washington","B",7117557.60177
"2009","Washington","C",1547967.0538
"2009","Washington","D",242395.204745
"2009","Washington","E",3644023.02678
