"YEAR","STATE","sclass","AREA_TOTAL"
"2017","Oregon","A",1492135.23384
"2017","Oregon","B",7021546.789135
"2017","Oregon","C",2008173.91999
"2017","Oregon","D",573879.844935
"2017","Oregon","E",4978671.242925
"2017","Washington","A",1496576.46199
"2017","Washington","B",7226429.072465
"2017","Washington","C",1443767.87966
"2017","Washington","D",275904.12658
"2017","Washington","E",3665990.76009
