"YEAR","STATE","sclass","AREA_TOTAL"
"2013","Oregon","A",1478241.7734
"2013","Oregon","B",7083420.41406
"2013","Oregon","C",2040638.919695
"2013","Oregon","D",509295.892145
"2013","Oregon","E",4962810.031525
"2013","Washington","A",1480787.973755
"2013","Washington","B",7226569.40371
"2013","Washington","C",1477585.26336
"2013","Washington","D",254293.782035
"2013","Washington","E",3669431.877925
